Numero Item*;Categoria do Item*;Catálogo Utilizado*;Classificação do Catálogo*;Código da Classificação Superior (Classe/Grupo)*;Classificacao Superior Nome*;Código do PDM do Item;Nome do PDM do Item;Código do Item;Descrição do Item;Unidade de Fornecimento;Quantidade Estimada*;Valor Unitário Estimado (R$)*;Valor Total Estimado (R$)*;Valor orçamentário estimado para o exercício (R$)*;Renovação Contrato*;Data Desejada*;Unidade Requisitante;Grupo Contratação Codigo;Grupo Contratação Nome
1;2-Serviço;2-Outros;2-Serviço;100;SERVIÇOS DE UTILIDADE PÚBLICA;;;S1000001;Serviço de Abastecimento de água tratada e coleta de esgoto.;MES;12.0;R$ 333,33;R$ 4.000,00;R$ 4.000,00;1-Sim;01/03/2025;Diretoria Administrativa e Financeira;;
2;2-Serviço;2-Outros;2-Serviço;100;SERVIÇOS DE UTILIDADE PÚBLICA;;;S1000002;Serviço de fornecimento de energia elétrica.;MES;12.0;R$ 23.400,00;R$ 280.800,00;R$ 280.800,00;1-Sim;01/03/2025;Diretoria Administrativa e Financeira;;
3;2-Serviço;2-Outros;2-Serviço;100;SERVIÇOS DE UTILIDADE PÚBLICA;;;S1000003;Serviço de fornecimento de internet através de link de dados com IP dedicado com velocidade de Internet 375 (trezentose setenta e cinco) Mbps (megabits por segundo) fornecida via fibra óptica FIM a FIM;MES;12.0;R$ 3.241,67;R$ 38.900,00;R$ 38.900,00;1-Sim;01/03/2025;Diretoria Administrativa e Financeira;;
4;2-Serviço;2-Outros;2-Serviço;100;SERVIÇOS DE UTILIDADE PÚBLICA;;;S1000004;Serviço de fornecimento de telefonia fixa SIP - Plano de minutos e assinatura mensal das linhas.;MES;12.0;R$ 1.560,00;R$ 18.720,00;R$ 18.720,00;1-Sim;01/03/2025;Diretoria Administrativa e Financeira;;
5;2-Serviço;2-Outros;2-Serviço;200;SERVIÇOS DE TECNOLOGIA DA INFORMAÇÃO;;;S2000001;Serviço de fornecimento de ferramenta de pesquisa e comparação de preços praticados pela administração pública por meio de sistema de busca baseado em resultados de licitações homologadas.;MES;12.0;R$ 750,00;R$ 9.000,00;R$ 9.000,00;1-Sim;01/03/2025;Setor de Compras;;
6;2-Serviço;2-Outros;2-Serviço;200;SERVIÇOS DE TECNOLOGIA DA INFORMAÇÃO;;;S2000002;Serviço de fornecimento de licenciamento de uso e Locação de softwares de Gestão de Processo Legislativo e Legislação.;MES;12.0;R$ 24.115,00;R$ 289.380,00;R$ 289.380,00;1-Sim;01/03/2025;Diretoria Administrativa e Financeira;;
7;2-Serviço;2-Outros;2-Serviço;200;SERVIÇOS DE TECNOLOGIA DA INFORMAÇÃO;;;S2000003;Serviço de fornecimento de software para atender a Lei de acesso à informação (Lei n°. 12.527/2011), incluindo o SIC (Sistema de Informação ao Cidadão), Transparência Pública em tempo real atendendo a (Lei Complementar n. 131/2009) e ouvidoria.;MES;12.0;R$ 5.902,00;R$ 70.824,00;R$ 70.824,00;1-Sim;01/03/2025;Diretoria Administrativa e Financeira;;
8;1-Material;2-Outros;1-Material;1400;MATERIAIS DE ESCRITÓRIO;;;M14000001;Sistema de Controle e Gerenciamento de Requisições e Compras, com importação dos contratos e de itens licitados.;MES;12.0;R$ 5.460,00;R$ 65.520,00;R$ 65.520,00;1-Sim;01/03/2025;Licitações e Contratos- Agente de Contratação: Lorena Fagundes Brogliatto;;
9;2-Serviço;2-Outros;2-Serviço;200;SERVIÇOS DE TECNOLOGIA DA INFORMAÇÃO;;;S2000004;Sistema Web de controle de processos, licitações e contratos.;MES;12.0;R$ 5.460,00;R$ 65.520,00;R$ 65.520,00;1-Sim;01/03/2025;Licitações e Contratos- Agente de Contratação: Lorena Fagundes Brogliatto;;
10;2-Serviço;2-Outros;2-Serviço;200;SERVIÇOS DE TECNOLOGIA DA INFORMAÇÃO;;;S2000005;Sistema Web de Gestão Documental.;MES;12.0;R$ 7.800,00;R$ 93.600,00;R$ 93.600,00;1-Sim;01/03/2025;Contabilidade;;
11;2-Serviço;2-Outros;2-Serviço;200;SERVIÇOS DE TECNOLOGIA DA INFORMAÇÃO;;;S2000006;Serviços de locação, manutenção preventiva e corretiva, parametrização de software e treinamento de pessoal do sistema web de recursos humanos, folha de pagamento e módulo E-Social.;MES;12.0;R$ 9.100,00;R$ 109.200,00;R$ 109.200,00;1-Sim;01/03/2025;Recursos Humanos;;
12;2-Serviço;2-Outros;2-Serviço;200;SERVIÇOS DE TECNOLOGIA DA INFORMAÇÃO;;;S2000007;Sistema Portal do Servidor (contracheque on-line) com aplicativo Móbile.;MES;12.0;R$ 2.600,00;R$ 31.200,00;R$ 31.200,00;1-Sim;01/03/2025;Recursos Humanos;;
13;2-Serviço;2-Outros;2-Serviço;200;SERVIÇOS DE TECNOLOGIA DA INFORMAÇÃO;;;S2000008;Sistema Web de Patrimônio Público.;MES;12.0;R$ 3.900,00;R$ 46.800,00;R$ 46.800,00;1-Sim;01/03/2025;Patrimônio;;
14;2-Serviço;2-Outros;2-Serviço;200;SERVIÇOS DE TECNOLOGIA DA INFORMAÇÃO;;;S2000009;Sistema Web de Frota.;MES;12.0;R$ 2.600,00;R$ 31.200,00;R$ 31.200,00;1-Sim;01/03/2025;Frotas;;
15;2-Serviço;2-Outros;2-Serviço;200;SERVIÇOS DE TECNOLOGIA DA INFORMAÇÃO;;;S2000010;Sistema Web de Procuradoria Jurídica.;MES;12.0;R$ 2.600,00;R$ 31.200,00;R$ 31.200,00;1-Sim;01/03/2025;Jurídico;;
16;2-Serviço;2-Outros;2-Serviço;200;SERVIÇOS DE TECNOLOGIA DA INFORMAÇÃO;;;S2000011;Serviço de Locação de Software de Imprensa Oficial Eletrônica e Sistema de Gerenciamento de Publicações;MES;12.0;R$ 845,00;R$ 10.140,00;R$ 10.140,00;1-Sim;01/03/2025;Diretoria Administrativa e Financeira;;
17;1-Material;2-Outros;1-Material;1400;MATERIAIS DE ESCRITÓRIO;;;M14000002;Sistema Web de controle de almoxarifado integrado com compras;MES;12.0;R$ 6.500,00;R$ 78.000,00;R$ 78.000,00;1-Sim;01/03/2025;Almoxarifado – Assessora do Almoxarifado: Sâmela Dinarquel de Sousa Castro;;
18;2-Serviço;2-Outros;2-Serviço;300;SERVIÇOS DE CONSULTORIA E ASSESSORIA;;;S3000001;Prestação de serviços técnicos especializados de contabilidade, devidamente inscrita perante o Conselho Regional de Contabilidade do Estado da Bahia para Assessoria e Consultoria Contábil.;MES;12.0;R$ 32.500,00;R$ 390.000,00;R$ 390.000,00;1-Sim;01/03/2025;Diretoria Administrativa e Financeira;;
19;2-Serviço;2-Outros;2-Serviço;300;SERVIÇOS DE CONSULTORIA E ASSESSORIA;;;S3000002;Consultoria e Assessoria Controle Interno.;MES;12.0;R$ 13.333,33;R$ 160.000,00;R$ 160.000,00;1-Sim;01/03/2025;Controle Interno;;
20;2-Serviço;2-Outros;2-Serviço;300;SERVIÇOS DE CONSULTORIA E ASSESSORIA;;;S3000003;Consultoria e Assessoria das Comissões Parlamentares Permanentes e Temporárias.;MES;12.0;R$ 16.666,67;R$ 200.000,00;R$ 200.000,00;1-Sim;01/03/2025;Jurídico;;
21;2-Serviço;2-Outros;2-Serviço;300;SERVIÇOS DE CONSULTORIA E ASSESSORIA;;;S3000004;Consultoria e Assessoria do SIGA;MES;12.0;R$ 12.500,00;R$ 150.000,00;R$ 150.000,00;1-Sim;01/03/2025;Controle Interno;;
22;2-Serviço;2-Outros;2-Serviço;300;SERVIÇOS DE CONSULTORIA E ASSESSORIA;;;S3000005;Consultoria e Assessoria Jurídica Parlamentar;MES;12.0;R$ 17.083,33;R$ 205.000,00;R$ 205.000,00;1-Sim;01/03/2025;Jurídico;;
23;1-Material;2-Outros;1-Material;1400;MATERIAIS DE ESCRITÓRIO;;;M14000003;Consultoria e Assessoria para os setores envolvidos (compras, diretoria administrativa, contabilidade, financeiro, controle interno e jurídico) na fases internas e externas dos processos de licitações.;MES;12.0;R$ 18.333,33;R$ 220.000,00;R$ 220.000,00;1-Sim;01/03/2025;Diretoria Administrativa e Financeira;;
24;2-Serviço;2-Outros;2-Serviço;300;SERVIÇOS DE CONSULTORIA E ASSESSORIA;;;S3000006;Assessoria e Consultoria técnica especializada para mesa diretora.;MES;12.0;R$ 16.666,67;R$ 200.000,00;R$ 200.000,00;1-Sim;01/03/2025;Diretoria Administrativa e Financeira;;
25;2-Serviço;2-Outros;2-Serviço;300;SERVIÇOS DE CONSULTORIA E ASSESSORIA;;;S3000007;Consultoria referente ao E-Social;MES;12.0;R$ 14.560,00;R$ 174.720,00;R$ 174.720,00;1-Sim;01/03/2025;Recursos Humanos;;
26;2-Serviço;2-Outros;2-Serviço;600;SERVIÇOS DE RECURSOS HUMANOS;;;S6000001;Fornecimento de serviço de medicina e segurança do trabalho;MES;12.0;R$ 22.500,00;R$ 270.000,00;R$ 270.000,00;1-Sim;01/03/2025;Recursos Humanos;;
27;2-Serviço;2-Outros;2-Serviço;200;SERVIÇOS DE TECNOLOGIA DA INFORMAÇÃO;;;S2000012;Execução de atividades operacionais, técnicas, produção de conteúdo cultural, jornalístico e legislativo, transmissão de sessões e audiências públicas, disponibilização através de locação de equipamentos, para operacionalização e funcionamento das atividades do Legislativo Municipal de Luís Eduardo Magalhães/BA.;MES;12.0;R$ 61.385,72;R$ 736.628,70;R$ 736.628,70;1-Sim;01/03/2025;Diretoria Administrativa e Financeira;;
28;2-Serviço;2-Outros;2-Serviço;200;SERVIÇOS DE TECNOLOGIA DA INFORMAÇÃO;;;S2000013;Serviço de manutenção e atualização do site oficial da Câmara Municipal de Luís Eduardo Magalhães-BA;MES;12.0;R$ 2.916,67;R$ 35.000,00;R$ 35.000,00;1-Sim;01/03/2025;Diretoria Administrativa e Financeira;;
29;2-Serviço;2-Outros;2-Serviço;400;SERVIÇOS DE MANUTENÇÃO PREDIAL;;;S4000001;Serviço de manutenção preventiva e corretiva das instalações elétricas da Câmara Municipal de Luís Eduardo Magalhães/BA.;MES;12.0;R$ 8.405,60;R$ 100.867,20;R$ 100.867,20;1-Sim;01/03/2025;Diretoria Administrativa e Financeira;;
30;2-Serviço;2-Outros;2-Serviço;400;SERVIÇOS DE MANUTENÇÃO PREDIAL;;;S4000002;Serviço de manutenção preventiva e corretiva das instalações hidráulicas da Câmara Municipal de Luís Eduardo Magalhães/BA.;MES;12.0;R$ 4.480,00;R$ 53.760,00;R$ 53.760,00;1-Sim;01/03/2025;Diretoria Administrativa e Financeira;;
31;2-Serviço;2-Outros;2-Serviço;400;SERVIÇOS DE MANUTENÇÃO PREDIAL;;;S4000003;Serviço de manutenção e suporte técnico de relógio de ponto biométrico.;MES;12.0;R$ 1.666,67;R$ 20.000,00;R$ 20.000,00;1-Sim;01/03/2025;Recursos Humanos;;
32;2-Serviço;2-Outros;2-Serviço;200;SERVIÇOS DE TECNOLOGIA DA INFORMAÇÃO;;;S2000014;Serviço de manutenção preventiva e corretiva relativos à Central Telefônica;MES;12.0;R$ 1.666,67;R$ 20.000,00;R$ 20.000,00;1-Sim;01/03/2025;Diretoria Administrativa e Financeira;;
33;2-Serviço;2-Outros;2-Serviço;400;SERVIÇOS DE MANUTENÇÃO PREDIAL;;;S4000004;Serviço de manutenção preventiva e corretiva dos Elevadores;MES;12.0;R$ 3.333,33;R$ 40.000,00;R$ 40.000,00;1-Sim;01/03/2025;Diretoria Administrativa e Financeira;;
34;2-Serviço;2-Outros;2-Serviço;600;SERVIÇOS DE RECURSOS HUMANOS;;;S6000002;Serviço de Contratação de Estagiários;MES;12.0;R$ 5.000,00;R$ 60.000,00;R$ 60.000,00;1-Sim;01/03/2025;Recursos Humanos;;
35;2-Serviço;2-Outros;2-Serviço;200;SERVIÇOS DE TECNOLOGIA DA INFORMAÇÃO;;;S2000015;Licenciamento de software, a fim de proporcionar acesso a simulador de tributação na fonte, banco de dados com informações tributárias especializadas e consultas acerca de retenção na fonte de INSS, Imposto de Renda (IRRF), Imposto sobre Serviços (ISS) e Contribuições Sociais (PIS/PASEP, CSLL E COFINS).;MES;12.0;R$ 750,00;R$ 9.000,00;R$ 9.000,00;1-Sim;01/03/2025;Contabilidade;;
36;2-Serviço;2-Outros;2-Serviço;200;SERVIÇOS DE TECNOLOGIA DA INFORMAÇÃO;;;S2000016;Serviço de manutenção preventiva e corretiva dos ares condicionados, com fornecimento de peças, gás etc.;MES;12.0;R$ 30.416,67;R$ 365.000,00;R$ 365.000,00;1-Sim;01/03/2025;Patrimônio;;
37;2-Serviço;2-Outros;2-Serviço;600;SERVIÇOS DE RECURSOS HUMANOS;;;S6000003;Serviço de Terceirização de Pessoas;MES;12.0;R$ 208.333,33;R$ 2.500.000,00;R$ 2.500.000,00;1-Sim;01/03/2025;Recursos Humanos;;
38;2-Serviço;2-Outros;2-Serviço;400;SERVIÇOS DE MANUTENÇÃO PREDIAL;;;S4000005;Serviço de manutenção de gerador.;MES;12.0;R$ 4.166,67;R$ 50.000,00;R$ 50.000,00;1-Sim;01/03/2025;Diretoria Administrativa e Financeira;;
39;2-Serviço;2-Outros;2-Serviço;500;SERVIÇOS DE LIMPEZA E CONSERVAÇÃO;;;S5000001;Serviço de de dedetização, desratização, desinsetização e descupinização.;MES;12.0;R$ 4.166,67;R$ 50.000,00;R$ 50.000,00;1-Sim;01/03/2025;Diretoria Administrativa e Financeira;;
40;2-Serviço;2-Outros;2-Serviço;400;SERVIÇOS DE MANUTENÇÃO PREDIAL;;;S4000006;Serviço de manutenção nas portas e janelas de vidro blindex.;MES;12.0;R$ 4.166,67;R$ 50.000,00;R$ 50.000,00;1-Sim;01/03/2025;Diretoria Administrativa e Financeira;;
41;2-Serviço;2-Outros;2-Serviço;400;SERVIÇOS DE MANUTENÇÃO PREDIAL;;;S4000007;Serviço de Limpeza da Fachada de Vidros;MES;12.0;R$ 8.333,33;R$ 100.000,00;R$ 100.000,00;1-Sim;01/03/2025;Diretoria Administrativa e Financeira;;
42;2-Serviço;2-Outros;2-Serviço;900;OUTROS SERVIÇOS;;;S9000001;Serviços de cópias de chaves, instalação de fechaduras, troca de segredos e manutenção de fechaduras.;MES;12.0;R$ 2.500,00;R$ 30.000,00;R$ 30.000,00;1-Sim;01/03/2025;Diretoria Administrativa e Financeira;;
43;2-Serviço;2-Outros;2-Serviço;200;SERVIÇOS DE TECNOLOGIA DA INFORMAÇÃO;;;S2000017;Serviço de recarga de extintores, testes hidrostaticos de mangueira para hidrante e pintura de extintores.;MES;12.0;R$ 2.500,00;R$ 30.000,00;R$ 30.000,00;1-Sim;01/03/2025;Diretoria Administrativa e Financeira;;
44;2-Serviço;2-Outros;2-Serviço;500;SERVIÇOS DE LIMPEZA E CONSERVAÇÃO;;;S5000002;Serviço de Higienização de Persianas;MES;12.0;R$ 2.500,00;R$ 30.000,00;R$ 30.000,00;1-Sim;01/03/2025;Diretoria Administrativa e Financeira;;
45;2-Serviço;2-Outros;2-Serviço;900;OUTROS SERVIÇOS;;;S9000002;Serviço de Locação de Veículos;MES;12.0;R$ 125.000,00;R$ 1.500.000,00;R$ 1.500.000,00;1-Sim;01/03/2025;Frotas;;
46;2-Serviço;2-Outros;2-Serviço;500;SERVIÇOS DE LIMPEZA E CONSERVAÇÃO;;;S5000003;Serviços de Lavagem e Higienização de Veículos;MES;12.0;R$ 8.333,33;R$ 100.000,00;R$ 100.000,00;1-Sim;01/03/2025;Frotas;;
47;2-Serviço;2-Outros;2-Serviço;900;OUTROS SERVIÇOS;;;S9000003;Serviço de Despachante;UND;12.0;R$ 1.250,00;R$ 15.000,00;R$ 15.000,00;1-Sim;01/03/2025;Frotas;;
48;2-Serviço;2-Outros;2-Serviço;200;SERVIÇOS DE TECNOLOGIA DA INFORMAÇÃO;;;S2000018;Serviços de locação de multifuncionais laser monocromático (copiadora, impressão, fax e scanner);MES;12.0;R$ 62.500,00;R$ 750.000,00;R$ 750.000,00;1-Sim;01/03/2025;Diretoria Administrativa e Financeira;;
49;2-Serviço;2-Outros;2-Serviço;300;SERVIÇOS DE CONSULTORIA E ASSESSORIA;;;S3000008;Serviços de assessoria técnica e consultoria para implantação da Rádio e TV Câmara, a fim de atender as necessidades da Câmara Municipal de Luís Eduardo Magalhães - BA.;MES;12.0;R$ 6.250,00;R$ 75.000,00;R$ 75.000,00;1-Sim;01/03/2025;Diretoria Administrativa e Financeira;;
50;2-Serviço;2-Outros;2-Serviço;800;SERVIÇOS DE ENGENHARIA E OBRAS;;;S8000001;Reforma dos Prédios da Câmara Municipal de Luís Eduardo Magalhães - Ba. Contrato nº 059/2023 executado pela empresa PROJETAJ EMPREENDIMENTOS LTDA;UND;12.0;R$ 250.000,00;R$ 3.000.000,00;R$ 3.000.000,00;1-Sim;01/03/2025;Diretoria Administrativa e Financeira;;
51;2-Serviço;2-Outros;2-Serviço;800;SERVIÇOS DE ENGENHARIA E OBRAS;;;S8000002;Engenheiro Civil para acompanhar e fiscalizar a execução do Contrato nº 059/2023 executado pela empresa PROJETAJ EMPREENDIMENTOS LTDA;MES;12.0;R$ 3.750,00;R$ 45.000,00;R$ 45.000,00;1-Sim;01/03/2025;Diretoria Administrativa e Financeira;;
52;2-Serviço;2-Outros;2-Serviço;400;SERVIÇOS DE MANUTENÇÃO PREDIAL;;;S4000008;Serviço de manutenção predial – pequenos reparos (pedreiro, marceneiro e afins);MES;12.0;R$ 2.500,00;R$ 30.000,00;R$ 30.000,00;1-Sim;01/03/2025;Diretoria Administrativa e Financeira;;
53;2-Serviço;2-Outros;2-Serviço;400;SERVIÇOS DE MANUTENÇÃO PREDIAL;;;S4000009;Serviço de manutenção predial - pintura;MES;12.0;R$ 8.333,33;R$ 100.000,00;R$ 100.000,00;1-Sim;01/03/2025;Diretoria Administrativa e Financeira;;
54;2-Serviço;2-Outros;2-Serviço;400;SERVIÇOS DE MANUTENÇÃO PREDIAL;;;S4000010;Serviço de manutenção predial – calhas, rufos e pingadeiras;MES;12.0;R$ 8.333,33;R$ 100.000,00;R$ 100.000,00;1-Sim;01/03/2025;Diretoria Administrativa e Financeira;;
55;2-Serviço;2-Outros;2-Serviço;400;SERVIÇOS DE MANUTENÇÃO PREDIAL;;;S4000011;Serviço de Pintura e sinalização externa do estacionamento da Câmara.;UND;12.0;R$ 4.166,67;R$ 50.000,00;R$ 50.000,00;1-Sim;01/03/2025;Diretoria Administrativa e Financeira;;
56;2-Serviço;2-Outros;2-Serviço;600;SERVIÇOS DE RECURSOS HUMANOS;;;S6000004;Fornecimento de serviço de seleção e treinamentos;MES;12.0;R$ 25.000,00;R$ 300.000,00;R$ 300.000,00;1-Sim;01/03/2025;Recursos Humanos;;
57;2-Serviço;2-Outros;2-Serviço;200;SERVIÇOS DE TECNOLOGIA DA INFORMAÇÃO;;;S2000019;Serviço de Certificação digital.;MES;12.0;R$ 416,67;R$ 5.000,00;R$ 5.000,00;1-Sim;01/03/2025;Recursos Humanos;;
58;2-Serviço;2-Outros;2-Serviço;200;SERVIÇOS DE TECNOLOGIA DA INFORMAÇÃO;;;S2000020;Serviços personalizados de confecção de placas de festividades, homenagens e afins.;MES;12.0;R$ 2.500,00;R$ 30.000,00;R$ 30.000,00;1-Sim;01/03/2025;Comunicação;;
59;2-Serviço;2-Outros;2-Serviço;400;SERVIÇOS DE MANUTENÇÃO PREDIAL;;;S4000012;Serviço de aplicação de gesso;MES;12.0;R$ 2.500,00;R$ 30.000,00;R$ 30.000,00;1-Sim;01/03/2025;Diretoria Administrativa e Financeira;;
60;2-Serviço;2-Outros;2-Serviço;400;SERVIÇOS DE MANUTENÇÃO PREDIAL;;;S4000013;Serviço de colocação/troca de piso dos prédios da Câmara.;UND;12.0;R$ 225.000,00;R$ 2.700.000,00;R$ 2.700.000,00;1-Sim;01/03/2025;Diretoria Administrativa e Financeira;;
61;2-Serviço;2-Outros;2-Serviço;400;SERVIÇOS DE MANUTENÇÃO PREDIAL;;;S4000014;Serviço de reparo e manutenção de mobiliário em geral.;MES;12.0;R$ 33.333,33;R$ 400.000,00;R$ 400.000,00;1-Sim;01/03/2025;Patrimônio;;
62;2-Serviço;2-Outros;2-Serviço;200;SERVIÇOS DE TECNOLOGIA DA INFORMAÇÃO;;;S2000021;Serviço de fornecimento de licença de antivírus;UND;102.0;R$ 147,06;R$ 15.000,00;R$ 15.000,00;1-Sim;01/03/2025;CPD;;
63;2-Serviço;2-Outros;2-Serviço;900;OUTROS SERVIÇOS;;;S9000004;Serviços especializados para instalação de cerca ao redor do perímetro da Câmara Municipal de Luís Eduardo Magalhães,;UND;12.0;R$ 66.666,67;R$ 800.000,00;R$ 800.000,00;1-Sim;01/03/2025;Diretoria Administrativa e Financeira;;
64;2-Serviço;2-Outros;2-Serviço;900;OUTROS SERVIÇOS;;;S9000005;Contratação de solução integrada de controle de acesso de pessoas e veículos e de registro de frequência.;MES;12.0;R$ 125.000,00;R$ 1.500.000,00;R$ 1.500.000,00;1-Sim;01/03/2025;Diretoria Administrativa e Financeira;;
65;2-Serviço;2-Outros;2-Serviço;400;SERVIÇOS DE MANUTENÇÃO PREDIAL;;;S4000015;Contratação de empresa especializada para o fornecimento, instalação e manutenção de um sistema integrado de iluminação cênica para a fachada, áreas externas e eventos internos da Câmara Municipal de Luís Eduardo Magalhães;MES;12.0;R$ 66.666,67;R$ 800.000,00;R$ 800.000,00;1-Sim;01/03/2025;Diretoria Administrativa e Financeira;;
66;1-Material;2-Outros;1-Material;1400;MATERIAIS DE ESCRITÓRIO;;;M14000004;Serviço de Implementação, Gestão e Governança para conformidade com a Lei Geral de Proteção de Dados (Lei no 13.709/2018) e Aquisição de Solução Informatizada de Privacidade, Gestão de Riscos e Segurança da Informação.;MES;12.0;R$ 41.666,67;R$ 500.000,00;R$ 500.000,00;1-Sim;01/03/2025;Diretoria Administrativa e Financeira;;
67;2-Serviço;2-Outros;2-Serviço;900;OUTROS SERVIÇOS;;;S9000006;Serviço de publicação dos avisos de licitação em jornal de grande circulação;MES;12.0;R$ 12.500,00;R$ 150.000,00;R$ 150.000,00;1-Sim;01/03/2025;Licitações e Contratos- Agente de Contratação: Lorena Fagundes Brogliatto;;
68;2-Serviço;2-Outros;2-Serviço;900;OUTROS SERVIÇOS;;;S9000007;Serviço em Publicidade/ Comunicação;MES;12.0;R$ 4.166,67;R$ 50.000,00;R$ 50.000,00;1-Sim;01/03/2025;Comunicação;;
69;2-Serviço;2-Outros;2-Serviço;700;SERVIÇOS DE COMUNICAÇÃO E MÍDIA;;;S7000001;Contratação de empresa especializada para a produção de trilhas sonoras originais e vinhetas institucionais destinadas à Rádio e à TV Câmara de Luís Eduardo Magalhães.;MES;12.0;R$ 7.500,00;R$ 90.000,00;R$ 90.000,00;1-Sim;01/09/2025;Diretoria Administrativa e Financeira;;
70;2-Serviço;2-Outros;2-Serviço;700;SERVIÇOS DE COMUNICAÇÃO E MÍDIA;;;S7000002;Contratação de empresa especializada na manutenção preventiva e corretiva da Torre Metálica de 75 (setenta e cinco) metros da TV e Rádio Câmara Municipal de Luís Eduardo Magalhães/BA.;MES;12.0;R$ 10.833,33;R$ 130.000,00;R$ 130.000,00;1-Sim;01/09/2025;Diretoria Administrativa e Financeira;;
71;2-Serviço;2-Outros;2-Serviço;800;SERVIÇOS DE ENGENHARIA E OBRAS;;;S8000003;Contratação de profissional especializado para elaboração de projetos técnicos e arquitetônicos necessários a futuras intervenções na Câmara Municipal de Luís Eduardo Magalhães.;MES;12.0;R$ 10.833,33;R$ 130.000,00;R$ 130.000,00;1-Sim;01/09/2025;Diretoria Administrativa e Financeira;;
72;2-Serviço;2-Outros;2-Serviço;200;SERVIÇOS DE TECNOLOGIA DA INFORMAÇÃO;;;S2000022;Renovação completa do sistema de sonorização do Plenário Arnaldo Horácio Ferreira, espaço destinado à realização de sessões plenárias, solenidades, audiências públicas e demais eventos oficiais da Câmara Municipal de Luís Eduardo Magalhães/BA.;UND;12.0;R$ 4.166,67;R$ 50.000,00;R$ 50.000,00;1-Sim;01/09/2025;Diretoria Administrativa e Financeira;;
73;2-Serviço;2-Outros;2-Serviço;200;SERVIÇOS DE TECNOLOGIA DA INFORMAÇÃO;;;S2000023;Contratação de empresa visando o fornecimento dos Projetos Técnicos/Executivos, elaboração de “Estudo de viabilidade Técnico-Econômica”, Memorial Descritivo (materiais, equipamentos e serviços para instalação do sistema solar fotovoltaico).;MES;12.0;R$ 10.416,67;R$ 125.000,00;R$ 125.000,00;1-Sim;01/03/2025;Diretoria Administrativa e Financeira;;
74;2-Serviço;2-Outros;2-Serviço;800;SERVIÇOS DE ENGENHARIA E OBRAS;;;S8000004;Execução do Projeto de Energia Solar;MES;12.0;R$ 166.666,67;R$ 2.000.000,00;R$ 2.000.000,00;1-Sim;01/12/2025;Diretoria Administrativa e Financeira;;
75;2-Serviço;2-Outros;2-Serviço;700;SERVIÇOS DE COMUNICAÇÃO E MÍDIA;;;S7000003;Software de gestão da rádio e Tv Câmara;MES;12.0;R$ 7.083,33;R$ 85.000,00;R$ 85.000,00;1-Sim;01/12/2025;Diretoria Administrativa e Financeira;;
76;2-Serviço;2-Outros;2-Serviço;700;SERVIÇOS DE COMUNICAÇÃO E MÍDIA;;;S7000004;Serviço de coffee break e jantares para reuniões, eventos, capacitações e aniversários do mês.;MES;12.0;R$ 8.333,33;R$ 100.000,00;R$ 100.000,00;1-Sim;01/03/2025;Diretoria Administrativa e Financeira;;
77;2-Serviço;2-Outros;2-Serviço;700;SERVIÇOS DE COMUNICAÇÃO E MÍDIA;;;S7000005;Locação de espaço e buffet para os eventos institucionais do Poder Legislativo.;UND;12.0;R$ 8.333,33;R$ 100.000,00;R$ 100.000,00;1-Sim;01/03/2025;Diretoria Administrativa e Financeira;;
78;1-Material;2-Outros;1-Material;1400;MATERIAIS DE ESCRITÓRIO;;;M14000005;Material de Expediente diversos - Papelaria;UND;12.0;R$ 14.166,67;R$ 170.000,00;R$ 170.000,00;1-Sim;01/03/2025;Almoxarifado – Assessora do Almoxarifado: Sâmela Dinarquel de Sousa Castro;;
79;2-Serviço;2-Outros;2-Serviço;900;OUTROS SERVIÇOS;;;S9000008;Arranjo Natalino;UND;12.0;R$ 1.666,67;R$ 20.000,00;R$ 20.000,00;1-Sim;01/03/2025;Escola Legislativa;;
80;1-Material;2-Outros;1-Material;1400;MATERIAIS DE ESCRITÓRIO;;;M14000006;Aquisição de Gás de Cozinha - Botijões de GLP (gás liquefeito de petróleo) de 13kg;UND;80.0;R$ 187,50;R$ 15.000,00;R$ 15.000,00;1-Sim;01/03/2025;Almoxarifado – Assessora do Almoxarifado: Sâmela Dinarquel de Sousa Castro;;
81;1-Material;2-Outros;1-Material;1400;MATERIAIS DE ESCRITÓRIO;;;M14000007;Aquisição de Gêneros alimentícios e materiais de copa e cozinha.;UND;12.0;R$ 41.666,67;R$ 500.000,00;R$ 500.000,00;1-Sim;01/03/2025;Almoxarifado – Assessora do Almoxarifado: Sâmela Dinarquel de Sousa Castro;;
82;1-Material;2-Outros;1-Material;1400;MATERIAIS DE ESCRITÓRIO;;;M14000008;Aquisição de Materiais de Limpeza;UND;12.0;R$ 31.666,67;R$ 380.000,00;R$ 380.000,00;1-Sim;01/03/2025;Almoxarifado – Assessora do Almoxarifado: Sâmela Dinarquel de Sousa Castro;;
83;1-Material;2-Outros;1-Material;1400;MATERIAIS DE ESCRITÓRIO;;;M14000009;Aquisição de Materiais Gráficos;UND;12.0;R$ 42.916,67;R$ 515.000,00;R$ 515.000,00;1-Sim;01/03/2025;Almoxarifado – Assessora do Almoxarifado: Sâmela Dinarquel de Sousa Castro;;
84;1-Material;2-Outros;1-Material;1000;MATERIAIS DE INFORMÁTICA;;;M10000001;Aquisição de Materiais de Informática;UND;12.0;R$ 100.000,00;R$ 1.200.000,00;R$ 1.200.000,00;1-Sim;01/03/2025;CPD;;
85;1-Material;2-Outros;1-Material;1400;MATERIAIS DE ESCRITÓRIO;;;M14000010;Aquisição de combustível do tipo Gasolina Aditivada e Diesel S10;UND;12.0;R$ 79.166,67;R$ 950.000,00;R$ 950.000,00;1-Sim;01/03/2025;Frotas;;
86;1-Material;2-Outros;1-Material;1400;MATERIAIS DE ESCRITÓRIO;;;M14000011;Aquisição de suprimentos para central telefônica bem como aquisição de telefones;UND;12.0;R$ 4.166,67;R$ 50.000,00;R$ 50.000,00;1-Sim;01/03/2025;Almoxarifado – Assessora do Almoxarifado: Sâmela Dinarquel de Sousa Castro;;
87;1-Material;2-Outros;1-Material;1400;MATERIAIS DE ESCRITÓRIO;;;M14000012;Aquisição de Materiais Hidráulicos;UND;12.0;R$ 2.500,00;R$ 30.000,00;R$ 30.000,00;1-Sim;01/03/2025;Almoxarifado – Assessora do Almoxarifado: Sâmela Dinarquel de Sousa Castro;;
88;1-Material;2-Outros;1-Material;1400;MATERIAIS DE ESCRITÓRIO;;;M14000013;Aquisição de Materiais Elétricos;UND;12.0;R$ 2.500,00;R$ 30.000,00;R$ 30.000,00;1-Sim;01/03/2025;Almoxarifado – Assessora do Almoxarifado: Sâmela Dinarquel de Sousa Castro;;
89;1-Material;2-Outros;1-Material;1300;EQUIPAMENTOS ELETRÔNICOS;;;M13000001;Aquisição de microfones para o plenário, bem como manutenção dos aparelhos existentes.;UND;12.0;R$ 8.333,33;R$ 100.000,00;R$ 100.000,00;1-Sim;01/03/2025;Sonoplastia do Plenário;;
90;1-Material;2-Outros;1-Material;1100;MÓVEIS E EQUIPAMENTOS;;;M11000001;Aquisição de móveis para escritório, como mesa, cadeiras, armários e afins.;UND;12.0;R$ 41.666,67;R$ 500.000,00;R$ 500.000,00;1-Sim;01/03/2025;Patrimônio;;
91;1-Material;2-Outros;1-Material;1400;MATERIAIS DE ESCRITÓRIO;;;M14000014;Aquisição de Materiais Personalizados;UND;12.0;R$ 12.500,00;R$ 150.000,00;R$ 150.000,00;1-Sim;01/03/2025;Almoxarifado – Assessora do Almoxarifado: Sâmela Dinarquel de Sousa Castro;;
92;1-Material;2-Outros;1-Material;1400;MATERIAIS DE ESCRITÓRIO;;;M14000015;Aquisição de Ares Condicionados;UND;12.0;R$ 8.333,33;R$ 100.000,00;R$ 100.000,00;1-Sim;01/03/2025;Patrimônio;;
93;1-Material;2-Outros;1-Material;1400;MATERIAIS DE ESCRITÓRIO;;;M14000016;Aquisição de Refis de Tintas para Impressoras Epson e Recarga de Tonners de Impressoras;UND;12.0;R$ 8.333,33;R$ 100.000,00;R$ 100.000,00;1-Sim;01/03/2025;Almoxarifado – Assessora do Almoxarifado: Sâmela Dinarquel de Sousa Castro;;
94;1-Material;2-Outros;1-Material;1300;EQUIPAMENTOS ELETRÔNICOS;;;M13000002;Aquisição de infraestrutura para abrigar os equipamentos de transmissão da Rádio FM e TV Digital;UND;12.0;R$ 103.548,33;R$ 1.242.580,00;R$ 1.242.580,00;1-Sim;01/03/2025;CPD;;
95;1-Material;2-Outros;1-Material;1300;EQUIPAMENTOS ELETRÔNICOS;;;M13000003;Aquisição de equipamentos eletrônicos para a transmissão da programação Tv Câmara Digital e da Rádio FM Câmara;UND;12.0;R$ 194.484,75;R$ 2.333.817,00;R$ 2.333.817,00;1-Sim;01/03/2025;CPD;;
96;1-Material;2-Outros;1-Material;1400;MATERIAIS DE ESCRITÓRIO;;;M14000017;Aquisição de uniformes;UND;12.0;R$ 8.333,33;R$ 100.000,00;R$ 100.000,00;1-Sim;01/03/2025;Recursos Humanos;;
97;1-Material;2-Outros;1-Material;1400;MATERIAIS DE ESCRITÓRIO;;;M14000018;Aquisição de persianas;UND;12.0;R$ 13.333,33;R$ 160.000,00;R$ 160.000,00;1-Sim;01/03/2025;Diretoria Administrativa e Financeira;;
98;1-Material;2-Outros;1-Material;1300;EQUIPAMENTOS ELETRÔNICOS;;;M13000004;Aquisição de dois microfones sem fio e de um kit de caixa de som com tripé e microfones com fio;UND;12.0;R$ 1.000,00;R$ 12.000,00;R$ 12.000,00;1-Sim;01/09/2025;Diretoria Administrativa e Financeira;;
99;1-Material;2-Outros;1-Material;1100;MÓVEIS E EQUIPAMENTOS;;;M11000002;Aquisição de carrinhos (Almoxarifado e Patrimônio);UND;12.0;R$ 416,67;R$ 5.000,00;R$ 5.000,00;1-Sim;01/06/2025;Diretoria Administrativa e Financeira;;
100;1-Material;2-Outros;1-Material;1500;PEÇAS E COMPONENTES;;;M15000001;Aquisição de Peças para os elevadores dos Blocos A e B.;UND;12.0;R$ 5.000,00;R$ 60.000,00;R$ 60.000,00;1-Sim;01/03/2025;Diretoria Administrativa e Financeira;;
101;1-Material;2-Outros;1-Material;1400;MATERIAIS DE ESCRITÓRIO;;;M14000019;Aquisição de flores e arranjos;UND;12.0;R$ 4.166,67;R$ 50.000,00;R$ 50.000,00;1-Sim;01/03/2025;Diretoria Administrativa e Financeira;;
;;;;;;;;;;;;;;;;;;;
;;;;;;;;;;;;;;;;;;;
